sample_id,suite_name,level,task_id,episode_id,source_bddl_sha256,source_episode_sha256,split_group_id,requested_split,eligible_for_training,source_kind
s01,extrapolation_preposition_combinations,0,L0T0,ep-l0-001,aaaaaaaaaaaaaaaaaaaaaaaaaaaaaaaaaaaaaaaaaaaaaaaaaaaaaaaaaaaaaaaa,0000000000000000000000000000000000000000000000000000000000000000,g01,train,1,synthetic_l0_registry_a_not_demo
s02,extrapolation_preposition_combinations,0,L0T0,ep-l0-002,aaaaaaaaaaaaaaaaaaaaaaaaaaaaaaaaaaaaaaaaaaaaaaaaaaaaaaaaaaaaaaaa,1111111111111111111111111111111111111111111111111111111111111111,g02,train,1,synthetic_l0_registry_a_not_demo
s03,extrapolation_preposition_combinations,0,L0T1,ep-l0-003,bbbbbbbbbbbbbbbbbbbbbbbbbbbbbbbbbbbbbbbbbbbbbbbbbbbbbbbbbbbbbbbb,2222222222222222222222222222222222222222222222222222222222222222,g03,train,1,synthetic_l0_registry_a_not_demo
s04,extrapolation_preposition_combinations,0,L0T2,ep-l0-004,cccccccccccccccccccccccccccccccccccccccccccccccccccccccccccccccc,3333333333333333333333333333333333333333333333333333333333333333,g04,train,1,synthetic_l0_registry_a_not_demo
s05,extrapolation_preposition_combinations,0,L0T3,ep-l0-005,dddddddddddddddddddddddddddddddddddddddddddddddddddddddddddddddd,4444444444444444444444444444444444444444444444444444444444444444,g05,validation,1,synthetic_l0_registry_a_not_demo
s06,extrapolation_preposition_combinations,0,L0T4,ep-l0-006,eeeeeeeeeeeeeeeeeeeeeeeeeeeeeeeeeeeeeeeeeeeeeeeeeeeeeeeeeeeeeeee,5555555555555555555555555555555555555555555555555555555555555555,g06,validation,1,synthetic_l0_registry_a_not_demo
h01,extrapolation_preposition_combinations,1,L1T0,ep-l1-001,fafafafafafafafafafafafafafafafafafafafafafafafafafafafafafafafa,6666666666666666666666666666666666666666666666666666666666666666,h01,heldout_test,0,synthetic_l0_registry_a_not_demo
h02,extrapolation_preposition_combinations,2,L2T1,ep-l2-001,fbfbfbfbfbfbfbfbfbfbfbfbfbfbfbfbfbfbfbfbfbfbfbfbfbfbfbfbfbfbfbfb,7777777777777777777777777777777777777777777777777777777777777777,h02,heldout_test,0,synthetic_l0_registry_a_not_demo
h03,extrapolation_preposition_combinations,2,L2T3,ep-l2-002,fcfcfcfcfcfcfcfcfcfcfcfcfcfcfcfcfcfcfcfcfcfcfcfcfcfcfcfcfcfcfcfc,8888888888888888888888888888888888888888888888888888888888888888,h03,heldout_test,0,synthetic_l0_registry_a_not_demo
